name,email,committee,country,school
John Doe,john.doe@email.com,UNSC,United States,Springfield High School
Jane Smith,jane.smith@email.com,UNGA,United Kingdom,Oxford Academy
Alex Kumar,alex.kumar@email.com,UNHRC,India,Delhi Public School
Maria Garcia,maria.garcia@email.com,DISEC,Spain,Madrid International
Robert Johnson,robert.j@email.com,ECOSOC,France,Paris Institute
Sarah Wilson,sarah.w@email.com,UNSC,Germany,Berlin Academy
Mohammed Ali,m.ali@email.com,UNGA,Egypt,Cairo School
Lisa Chen,lisa.chen@email.com,UNHRC,China,Beijing High
David Brown,david.b@email.com,DISEC,Canada,Toronto School
Emma Martinez,emma.m@email.com,ECOSOC,Mexico,Mexico City Academy
