name,email,committee,country,school
Julie Marks,julie.marks640@email.com,UNSC,USA,Lawrence School
Aarohi Patel,aarohi.patel933@outlook.com,UNSC,UK,Welham Girls School
Timothy Calderon,timothy.calderon627@email.com,UNSC,France,Mount Abu Public School
Alisha Davis,alisha.davis247@gmail.com,UNSC,Russia,Army Public School
Emily Smith,emily.smith92@gmail.com,UNSC,China,Mount Abu Public School
Ansh Rao,ansh.rao700@gmail.com,UNSC,India,Delhi Public School
Ira Gupta,ira.gupta337@email.com,UNSC,Brazil,Welham Girls School
Ansh Singh,ansh.singh766@email.com,UNSC,South Africa,Ryan International School
Arjun Reddy,arjun.reddy964@yahoo.com,UNSC,Germany,Modern School
Gregory Gomez,gregory.gomez570@outlook.com,UNSC,Japan,Mayo College
Kavya Kumar,kavya.kumar75@gmail.com,UNSC,Italy,Welham Boys School
Kavya Gupta,kavya.gupta184@outlook.com,UNSC,Spain,Welham Girls School
Ansh Kumar,ansh.kumar440@gmail.com,UNSC,Canada,Kendriya Vidyalaya
Kavya Iyer,kavya.iyer682@outlook.com,UNSC,Australia,Lawrence School
Cindy Greene,cindy.greene464@gmail.com,UNSC,Mexico,La Martiniere College
Krishna Gupta,krishna.gupta467@outlook.com,UNSC,Egypt,Bishop Cotton School
Sandra Powell,sandra.powell681@gmail.com,UNSC,Turkey,The Scindia School
Patricia Jackson,patricia.jackson442@yahoo.com,UNSC,Indonesia,Rashtriya Indian Military College
Ayaan Gupta,ayaan.gupta675@yahoo.com,UNSC,Saudi Arabia,Bishop Cotton School
Tammy Rodriguez,tammy.rodriguez816@outlook.com,UNSC,Netherlands,Lawrence School
Kiara Sharma,kiara.sharma466@yahoo.com,UNSC,USA,Bishop Cotton School
Diya Iyer,diya.iyer713@yahoo.com,UNSC,UK,Welham Girls School
Elizabeth Franklin PhD,elizabeth.franklin.phd886@outlook.com,UNSC,France,Welham Girls School
Jacob Garza,jacob.garza701@gmail.com,UNSC,Russia,Bishop Cotton School
Pranav Patel,pranav.patel403@outlook.com,UNSC,China,Rashtriya Indian Military College
Patrick Johnson,patrick.johnson989@outlook.com,UNSC,India,Kendriya Vidyalaya
Rodney Clark,rodney.clark633@gmail.com,UNSC,Brazil,The Doon School
Aditya Patel,aditya.patel553@gmail.com,UNSC,South Africa,Cathedral School
Shanaya Rao,shanaya.rao318@outlook.com,UNSC,Germany,Rashtriya Indian Military College
Kavya Gupta,kavya.gupta686@email.com,UNSC,Japan,Welham Girls School
Pari Verma,pari.verma216@gmail.com,UNSC,Italy,Kendriya Vidyalaya
Shanaya Singh,shanaya.singh719@gmail.com,UNSC,Spain,Mount Abu Public School
Rebecca Burke,rebecca.burke612@email.com,UNSC,Canada,St. Xavier's School
Aarav Rao,aarav.rao531@email.com,UNSC,Australia,Ryan International School
Riya Patel,riya.patel754@email.com,UNSC,Mexico,La Martiniere College
John Martin,john.martin477@gmail.com,UNGA,Afghanistan,Welham Girls School
Desiree James,desiree.james683@outlook.com,UNGA,Albania,The Doon School
Advait Joshi,advait.joshi861@gmail.com,UNGA,Algeria,Woodstock School
Dhruv Kumar,dhruv.kumar361@outlook.com,UNGA,Argentina,Modern School
Wesley Welch,wesley.welch365@email.com,UNGA,Austria,Mayo College
Saanvi Reddy,saanvi.reddy556@gmail.com,UNGA,Bangladesh,Ryan International School
Aarav Gupta,aarav.gupta979@email.com,UNGA,Belgium,Delhi Public School
Ayaan Reddy,ayaan.reddy627@yahoo.com,UNGA,Chile,Rashtriya Indian Military College
Laura Carter,laura.carter670@yahoo.com,UNGA,Colombia,Welham Boys School
Ayaan Gupta,ayaan.gupta698@email.com,UNGA,Czech Republic,Kendriya Vidyalaya
Holly Valencia,holly.valencia762@email.com,UNGA,Denmark,St. Xavier's School
Kiara Patel,kiara.patel505@yahoo.com,UNGA,Finland,La Martiniere College
Myra Sharma,myra.sharma219@email.com,UNGA,Ghana,St. Xavier's School
Ayaan Patel,ayaan.patel194@email.com,UNGA,Greece,Army Public School
Ashley Ponce,ashley.ponce902@outlook.com,UNGA,Hungary,The Doon School
Kavya Joshi,kavya.joshi657@gmail.com,UNGA,Iran,Mayo College
Linda Bell,linda.bell574@gmail.com,UNGA,Iraq,Welham Boys School
Jacqueline Smith,jacqueline.smith764@gmail.com,UNGA,Ireland,Rashtriya Indian Military College
Troy Johnson,troy.johnson181@yahoo.com,UNGA,Israel,Mount Abu Public School
Pari Iyer,pari.iyer411@email.com,UNGA,Kenya,The Scindia School
Jason Robinson,jason.robinson344@outlook.com,UNGA,Malaysia,Delhi Public School
Jennifer Mckinney,jennifer.mckinney512@email.com,UNGA,Morocco,The Scindia School
Arjun Verma,arjun.verma204@outlook.com,UNGA,Nigeria,Rashtriya Indian Military College
Navya Iyer,navya.iyer68@gmail.com,UNGA,Norway,St. Xavier's School
Teresa Hall,teresa.hall16@email.com,UNGA,Pakistan,Rishi Valley School
Saanvi Iyer,saanvi.iyer718@outlook.com,UNGA,Peru,Delhi Public School
Theresa Reeves,theresa.reeves982@gmail.com,UNGA,Philippines,Woodstock School
Kavya Singh,kavya.singh111@email.com,UNGA,Poland,Lawrence School
Shaurya Verma,shaurya.verma197@email.com,UNGA,Portugal,Rashtriya Indian Military College
Saanvi Verma,saanvi.verma228@email.com,UNGA,Qatar,Lawrence School
Pranav Rao,pranav.rao770@email.com,UNGA,Romania,Kendriya Vidyalaya
Andrew Long,andrew.long63@gmail.com,UNGA,Singapore,Welham Boys School
Karl Warner,karl.warner32@email.com,UNGA,Sweden,DAV Public School
Riya Sharma,riya.sharma231@gmail.com,UNGA,Switzerland,DAV Public School
Shanaya Sharma,shanaya.sharma442@email.com,UNGA,Thailand,Bishop Cotton School
Christopher Reyes,christopher.reyes233@yahoo.com,UNGA,UAE,Bishop Cotton School
Shanaya Gupta,shanaya.gupta300@email.com,UNGA,Ukraine,Welham Girls School
Myra Joshi,myra.joshi121@email.com,UNGA,Venezuela,Delhi Public School
Kabir Iyer,kabir.iyer300@gmail.com,UNGA,Vietnam,The Scindia School
Bethany Simon,bethany.simon745@yahoo.com,UNGA,Zimbabwe,Rishi Valley School
Joseph Stafford,joseph.stafford88@outlook.com,UNGA,Afghanistan,Lawrence School
Mark Wilson,mark.wilson603@outlook.com,UNGA,Albania,Rishi Valley School
Aarav Patel,aarav.patel341@outlook.com,UNGA,Algeria,Mayo College
Reyansh Reddy,reyansh.reddy549@yahoo.com,UNGA,Argentina,Modern School
Ananya Gupta,ananya.gupta627@email.com,UNGA,Austria,Mount Abu Public School
Kayla Stanley,kayla.stanley102@email.com,UNGA,Bangladesh,The Doon School
Shanaya Verma,shanaya.verma451@yahoo.com,UNGA,Belgium,The Scindia School
Aarav Singh,aarav.singh690@gmail.com,UNGA,Chile,The Doon School
Marcia Blake,marcia.blake747@gmail.com,UNGA,Colombia,Lawrence School
Angela Lee,angela.lee40@outlook.com,UNGA,Czech Republic,Welham Girls School
James Jones,james.jones26@gmail.com,UNHRC,USA,Rishi Valley School
Xavier Gutierrez,xavier.gutierrez842@gmail.com,UNHRC,Germany,The Doon School
Denise James,denise.james282@outlook.com,UNHRC,Japan,Woodstock School
Robert Smith,robert.smith415@gmail.com,UNHRC,France,The Doon School
Kiara Patel,kiara.patel682@email.com,UNHRC,UK,La Martiniere College
Eric Ibarra,eric.ibarra887@outlook.com,UNHRC,India,Army Public School
Shelby Barber,shelby.barber427@email.com,UNHRC,Brazil,Kendriya Vidyalaya
Krishna Iyer,krishna.iyer360@email.com,UNHRC,South Korea,Army Public School
Lawrence Gordon,lawrence.gordon623@gmail.com,UNHRC,Canada,Army Public School
Curtis Martinez,curtis.martinez3@gmail.com,UNHRC,Mexico,Welham Girls School
Aditya Singh,aditya.singh95@gmail.com,UNHRC,Indonesia,Rashtriya Indian Military College
Aarav Gupta,aarav.gupta708@gmail.com,UNHRC,Turkey,La Martiniere College
Aadhya Reddy,aadhya.reddy920@email.com,UNHRC,Saudi Arabia,Woodstock School
Ayaan Singh,ayaan.singh593@gmail.com,UNHRC,Argentina,DAV Public School
Shanaya Joshi,shanaya.joshi2@email.com,UNHRC,Poland,Modern School
Bradley Mckinney,bradley.mckinney667@yahoo.com,UNHRC,Thailand,Bishop Cotton School
Jessica Bates,jessica.bates577@email.com,UNHRC,Egypt,Bishop Cotton School
Krishna Sharma,krishna.sharma307@outlook.com,UNHRC,South Africa,Bishop Cotton School
Ashley Smith,ashley.smith250@gmail.com,UNHRC,Colombia,Woodstock School
Anika Reddy,anika.reddy464@yahoo.com,UNHRC,Malaysia,Mount Abu Public School
Vihaan Iyer,vihaan.iyer267@yahoo.com,UNHRC,USA,Lawrence School
Catherine Lawrence,catherine.lawrence814@gmail.com,UNHRC,Germany,Mount Abu Public School
Donald Buckley,donald.buckley138@outlook.com,UNHRC,Japan,Army Public School
Riya Singh,riya.singh688@outlook.com,UNHRC,France,The Scindia School
Reyansh Joshi,reyansh.joshi836@email.com,UNHRC,UK,Modern School
Luke Marshall,luke.marshall136@gmail.com,UNHRC,India,Rishi Valley School
Aarohi Verma,aarohi.verma736@gmail.com,UNHRC,Brazil,Cathedral School
Christine Henry,christine.henry520@yahoo.com,UNHRC,South Korea,Mount Abu Public School
Molly Strong,molly.strong360@outlook.com,UNHRC,Canada,Cathedral School
Ansh Joshi,ansh.joshi191@yahoo.com,UNHRC,Mexico,Mount Abu Public School
Robin Moreno,robin.moreno557@yahoo.com,DISEC,USA,Modern School
Kevin Russell,kevin.russell821@outlook.com,DISEC,Russia,The Doon School
Ayaan Singh,ayaan.singh247@gmail.com,DISEC,China,Bishop Cotton School
Reyansh Patel,reyansh.patel840@gmail.com,DISEC,UK,Bishop Cotton School
Maria Jordan,maria.jordan467@gmail.com,DISEC,France,Lawrence School
Pranav Patel,pranav.patel71@yahoo.com,DISEC,India,La Martiniere College
Trevor Davis,trevor.davis921@gmail.com,DISEC,Pakistan,Ryan International School
Thomas Hines,thomas.hines915@outlook.com,DISEC,Israel,The Doon School
Atharva Patel,atharva.patel676@gmail.com,DISEC,Iran,Ryan International School
Rohan Rao,rohan.rao524@gmail.com,DISEC,North Korea,Welham Girls School
Arjun Singh,arjun.singh34@yahoo.com,DISEC,South Korea,Bishop Cotton School
Arjun Rao,arjun.rao692@outlook.com,DISEC,Japan,Mayo College
Kavya Sharma,kavya.sharma703@outlook.com,DISEC,Germany,Army Public School
Jennifer Houston,jennifer.houston163@gmail.com,DISEC,Brazil,St. Xavier's School
Reyansh Joshi,reyansh.joshi711@gmail.com,DISEC,Turkey,Ryan International School
Ansh Kumar,ansh.kumar551@gmail.com,DISEC,Saudi Arabia,Ryan International School
Colleen Smith,colleen.smith614@gmail.com,DISEC,Egypt,Modern School
Matthew Diaz,matthew.diaz268@email.com,DISEC,Indonesia,Welham Boys School
Kavya Singh,kavya.singh57@gmail.com,DISEC,Nigeria,Kendriya Vidyalaya
Ananya Sharma,ananya.sharma156@email.com,DISEC,Australia,Welham Girls School
Kelly Daniels,kelly.daniels319@email.com,DISEC,Canada,Woodstock School
Randy White,randy.white155@outlook.com,DISEC,Italy,Army Public School
Navya Singh,navya.singh224@yahoo.com,DISEC,Spain,Cathedral School
Myra Gupta,myra.gupta386@gmail.com,DISEC,Poland,Kendriya Vidyalaya
Melinda Taylor,melinda.taylor960@email.com,DISEC,Ukraine,The Scindia School
Sara Patel,sara.patel480@outlook.com,DISEC,Sweden,Army Public School
Ansh Iyer,ansh.iyer255@outlook.com,DISEC,Norway,Mayo College
Patrick Larsen,patrick.larsen399@gmail.com,DISEC,Finland,Army Public School
Reyansh Gupta,reyansh.gupta496@outlook.com,DISEC,Denmark,Welham Girls School
Kiara Iyer,kiara.iyer532@yahoo.com,DISEC,Netherlands,Welham Girls School
Ira Rao,ira.rao257@outlook.com,DISEC,Belgium,Welham Boys School
Christopher Mosley,christopher.mosley775@yahoo.com,DISEC,Switzerland,The Scindia School
Advait Verma,advait.verma437@yahoo.com,DISEC,Austria,Rashtriya Indian Military College
Cameron Mcmillan,cameron.mcmillan418@gmail.com,DISEC,Greece,Rishi Valley School
Anna Macias,anna.macias948@outlook.com,DISEC,USA,Cathedral School
Kavya Reddy,kavya.reddy882@outlook.com,DISEC,Russia,Lawrence School
Tonya Key,tonya.key319@gmail.com,DISEC,China,Mayo College
Ananya Verma,ananya.verma104@gmail.com,DISEC,UK,La Martiniere College
Caleb Nelson,caleb.nelson759@outlook.com,DISEC,France,Mount Abu Public School
Navya Reddy,navya.reddy438@yahoo.com,DISEC,India,La Martiniere College
Krishna Gupta,krishna.gupta480@yahoo.com,DISEC,Pakistan,Rashtriya Indian Military College
Diana Freeman,diana.freeman699@email.com,DISEC,Israel,La Martiniere College
Sarah Walsh,sarah.walsh540@gmail.com,DISEC,Iran,Rishi Valley School
Sean Smith,sean.smith182@email.com,DISEC,North Korea,The Doon School
Louis Webb,louis.webb631@outlook.com,DISEC,South Korea,Rashtriya Indian Military College
Ansh Patel,ansh.patel804@outlook.com,ECOSOC,USA,St. Xavier's School
Ananya Rao,ananya.rao82@email.com,ECOSOC,China,Cathedral School
Edwin Moses,edwin.moses232@gmail.com,ECOSOC,Germany,Mount Abu Public School
Suzanne Morgan,suzanne.morgan306@email.com,ECOSOC,Japan,La Martiniere College
Diane Lewis,diane.lewis443@outlook.com,ECOSOC,UK,Welham Boys School
Kiara Singh,kiara.singh22@email.com,ECOSOC,France,Army Public School
Atharva Sharma,atharva.sharma56@yahoo.com,ECOSOC,India,Welham Boys School
Pranav Kumar,pranav.kumar347@outlook.com,ECOSOC,Brazil,Mayo College
Suzanne Williams,suzanne.williams9@outlook.com,ECOSOC,Canada,Modern School
Judith Mcclure,judith.mcclure465@yahoo.com,ECOSOC,South Korea,Welham Girls School
Kavya Sharma,kavya.sharma827@yahoo.com,ECOSOC,Australia,Welham Boys School
Jeffrey Lawson,jeffrey.lawson368@gmail.com,ECOSOC,Spain,Army Public School
Caitlin Jackson,caitlin.jackson550@yahoo.com,ECOSOC,Mexico,Rashtriya Indian Military College
Crystal Leonard,crystal.leonard749@outlook.com,ECOSOC,Indonesia,Delhi Public School
Krishna Kumar,krishna.kumar774@outlook.com,ECOSOC,Netherlands,Rashtriya Indian Military College
Atharva Singh,atharva.singh672@gmail.com,ECOSOC,Saudi Arabia,Ryan International School
Ayaan Sharma,ayaan.sharma539@email.com,ECOSOC,Turkey,Rishi Valley School
Sarah Scott,sarah.scott773@email.com,ECOSOC,Switzerland,Cathedral School
Kiara Verma,kiara.verma320@yahoo.com,ECOSOC,Poland,Welham Girls School
Juan Jones,juan.jones821@gmail.com,ECOSOC,Belgium,Mayo College
Kabir Kumar,kabir.kumar39@yahoo.com,ECOSOC,Sweden,Rashtriya Indian Military College
Kimberly Fitzpatrick,kimberly.fitzpatrick911@outlook.com,ECOSOC,Norway,La Martiniere College
Pari Iyer,pari.iyer651@outlook.com,ECOSOC,Austria,Rashtriya Indian Military College
Sara Sharma,sara.sharma804@outlook.com,ECOSOC,Ireland,Welham Boys School
Shanaya Verma,shanaya.verma147@yahoo.com,ECOSOC,Denmark,Army Public School
Saanvi Reddy,saanvi.reddy346@yahoo.com,ECOSOC,Finland,DAV Public School
Reyansh Joshi,reyansh.joshi631@gmail.com,ECOSOC,Singapore,DAV Public School
Morgan Marsh,morgan.marsh265@gmail.com,ECOSOC,Malaysia,La Martiniere College
Atharva Reddy,atharva.reddy541@outlook.com,ECOSOC,Thailand,Woodstock School
Reyansh Iyer,reyansh.iyer142@yahoo.com,ECOSOC,Philippines,Lawrence School
Stephen Davis,stephen.davis267@email.com,ECOSOC,Vietnam,Ryan International School
Myra Verma,myra.verma482@outlook.com,ECOSOC,Egypt,Kendriya Vidyalaya
Ricardo Wong,ricardo.wong893@yahoo.com,ECOSOC,South Africa,Kendriya Vidyalaya
Ansh Iyer,ansh.iyer979@yahoo.com,ECOSOC,Argentina,Mount Abu Public School
Aarohi Joshi,aarohi.joshi723@gmail.com,ECOSOC,Chile,The Scindia School
Aadhya Joshi,aadhya.joshi423@gmail.com,ECOSOC,Colombia,La Martiniere College
Advait Singh,advait.singh93@outlook.com,ECOSOC,Peru,St. Xavier's School
Riya Patel,riya.patel76@outlook.com,ECOSOC,USA,Mayo College
Aadhya Gupta,aadhya.gupta179@email.com,ECOSOC,China,Woodstock School
Aditya Sharma,aditya.sharma201@gmail.com,ECOSOC,Germany,Welham Boys School
