Portfolio Name,Name of Student
Algeria,SANCHIT PANDA
Argentina,Gurveer Singh
Armenia,Kshitij rana
Australia,Anvi Chaurasia
Austria,Arnav Jain
Azerbaijan,Kumar Sambhav
Bangladesh,Darsh Verma
Belarus,Shaurya Shukla
Belgium,Chetna gupta
Brazil,Kavya saxena
Canada,Ishank Agarwal
Chile,Devansh Kumar
China,Kashvi Taneja
Colombia,Prishaa
Cuba,
Czech Republic,Sanvi Choudhary
Democratic Republic of Congo,Jivesh Garg
Egypt,Niharika Sharma
Ethiopia,
France,Navika Taneja
Germany,Bhavya Sibal
Ghana,
India,Naysa Biju
Indonesia,Harsh Aditya Prasad
Iran,ADIL ALI
Iraq,Krish Yadav
Israel,Aarav kaushal 
Italy,Rumeza
Japan,Vaishnavi Sharma
Jordan,Keerthana Madhav
Kazakhstan,
Kenya,
Lebanon,Sonmila Ahum Chahong
Malaysia,
Mexico,SEJAL
Mongolia,
Morocco,Sakshi
Myanmar,
Netherlands,Sara sehgal
New Zealand,Syona Rajput
Nigeria,
North Korea (DPRK),Kavya Sanghi
Norway,Neil
Oman,Anahika
Pakistan,Hansika Chugh
Palestine,Aditya Kumar ojha
Peru,
Philippines,Ishita Sahoo
Poland,
Qatar,
Russia,Dev Kalra
Saudi Arabia,Vatsal Agarwal
Singapore,
South Africa,Rishika Kanojia
South Korea,Hemakshi Gupta
Spain,Shivika singh
Sri Lanka,
Sweden,Arpit Verma
Switzerland,Alifia Alam
Syria,Nandini sethi
Thailand,Kartik Dutt Sharma
Turkey,Saachi Gupta
Turkmenistan,
Ukraine,
United Arab Emirates,Abhiveer Sheokand
United Kingdom,Ahinsa Saran
United States,DEVANSHI KASTURIA
Uzbekistan,
Venezuela,
Vietnam,Nitya Tanwar