Portfolio Name,Name of Student
Narendra Modi,Aahana Paliwal
Amit Shah,Tejas Duhan
Jagat Prakash Nadda,Vanshika Gupta
Rajnath Singh,ANGEL KHANDELWAL
S. Jaishankar,Vanshika
Nirmala Sitharaman,Maanya Gupta
Piyush Goyal,Advaita
Shivraj Singh Chouhan,Aashu Kumar
Kiren Rijiju,Syeda Raiba
Jyotiraditya Scindia,Udit Singh
Ashwini Vaishnaw,Jigmet Avinash Kumar
Hardeep Singh Puri,Avaneesh Shankar
Dharmendra Pradhan,Shashank
Manohar Lal Khattar,Anmol Kishore
Arjun Ram Meghwal,Mannat Verma
Annpurna Devi,Karuna Das
Prahlad Joshi,Tanvi
Bhupender Yadav,Varun singh
Ram Mohan Naidu,AADYA DEEPA
Chirag Paswan,Maitreyi Sharma
Shrikant Shinde,Keerti Saksainaa
Praful Patel,Tvisha
Harsimrat Kaur Badal,Pratishtha Singh
Sasmit Patra,Naitik singh
K.R. Suresh Reddy,Shaurya
Ramdas Athawale,Naman Pal
Rahul Gandhi,Vanya Mathur
Mallikarjun Kharge,Aadhya Yadav Sharma
Jairam Ramesh,Yugam Verma
P. Chidambaram,Amber Thaper
Priyanka Gandhi Vadra,Aanya Aggarwal
Gaurav Gogoi,Diksha Arya
Dr. Shashi Tharoor,Divija
Randeep Singh Surjewala,Yashika Yadav
Manish Tewari,Ahana Singh
Akhilesh Yadav,Geetanshi Kumar
Awadhesh Prasad,Sai Krishna
Dimple Yadav,Yashika Yadav
Derek O'Brien,Aryan Jodhwani
Abhishek Banerjee,Manmeet Balhara
Sudip Bandopadhyay,Ridhiman
Kanimozhi Karunanidhi,Garima kabdwal
T.R. Baalu,Anshu
Andimuthu Raja,Shubhankshi Yadav
Arvind Sawant,Ananya Yadav
Sanjay Raut,Hargun
Supriya Sule,Haniya Haris
Sharad Pawar,Priyansh Rai
Asaduddin Owaisi,Dhruv Vatsa
H.D. Kumaraswamy,Saiyam Jain
Lalan Singh,Alena Kaur
Ram Nath Thakur,Angel Kaushik
E.T. Muhammed Basheer,Aiesha Choubey
Shibu Soren,Kamakshi aggarwal
K. Subbarayan,Ambika Rawat
P.V. Midhun Reddy,Abhishek Pawar
Aga Syed Ruhullah Mehdi,Hritwika Yadav
Chandrashekhar Azad,Siddharth Sharma
Raghav Chadha,Aditya Joshiya
Sanjay Singh,Vivan Chaudhary
Manoj Jha,Tannu
Abhay Kushwaha,Kartik Gupta
Bikash Ranjan Bhattacharya,Vedangshree Sharma
Kapil Sibal,Arnav Kohli
Ranjan Gogoi,Aradhya
Chandra Sekhar Pemmasani,Siddak Soni
Milind Deora,Prachi Gandhi
M. Thambidurai,Durgesh Dugar
Birendra Prasad Baishya,Thwisha
K. Radhakrishnan,Jiah