Portfolio Name,Name of Student
Argentina,Reyansh Mathur
Australia,Rudra gaur
Bahamas,Anaya lohia
Bangladesh,Anukriti singh
Barbados,Tanisha Das Rahman
Belgium,Harshaan Singh Brar
Brazil,Anaya
Canada,Aarav Jhawar
Chile,Aadya Aggarwal
China,Neha
Colombia,Vihan Katarki
Cuba,
Democratic Republic of Congo,REYANSH BATRA
Denmark,Hargun Kaur
Ecuador,Vibhav Aggarwal
Egypt,Bhavyansh joshi
El Salvador,Kashvi singh
Fiji,Aadya Aggarwal
France,Aliya Khan
Germany,ZAARA ARORA
Greece,Abhinav kumar
Honduras,DIVYA BISWAS
Iceland,ANANAYA GUPTA
India,Sanidhya Sharma
Indonesia,Advika Khare
Iran,ACHINTYA
Ireland,VIHAN MORE
Israel,Mishka Khetarpal
Italy,Nishika
Jamaica,Pranjal Sharma
Japan,Anvi Baijal
Kenya,
Lebanon,Kanishka Rautela
Malaysia,Ishdeep Singh
Maldives,Arshia
Mauritius,Saanvi Singh
Mexico,Vivaan Sethi
Morocco,Khushi gupta
Netherlands,Dishita Gupta
New Zealand,Rehaan Arya
Nicaragua,Arjun Tomar
Nigeria,
Norway,Ishaan Singh
Oman,Navyanshi Singh
Pakistan,Yashoda Garg
Panama,Anvi Goyal
Papua New Guinea,Siya Kohli
Peru,
Philippines,Meher Girotra
Portugal,Daksh Gulati
Qatar,HRIDAY GUPTA
Russia,Veer pratap rana
Samoa,Ditwee Singh
Saudi Arabia,
Seychelles,arshia
Singapore,Avisha Bansal
Solomon Islands,Anika Kataria
South Africa,
South Korea,Lavanya Gupta
Spain,Rythm Malhotra
Sri Lanka,
Sudan,
Sweden,
Thailand,Ojasvi parashar
Turkey,
United Arab Emirates,Subhav Aggarwal
United Kingdom,Divyam Jindal
United States,Pranusha Sharma
Venezuela,
Vietnam,
Portugal - 2,Aadya Bansal