Portfolio Name,Name of Student
Afghanistan,Ayaan saeed naqvi
Algeria,Rudarkshi Chugh
Argentina,AADVIKA THAKUR
Armenia,Anavi Oni
Australia,Shravya Bhansali
Austria,Khyati Pathak
Azerbaijan,nihalika anand
Bangladesh,vaishnavi panwar
Belarus,Dhruv Singhal
Belgium,Heibal Anna
Brazil,Angeleena Pattanaik
Canada,Zia Khan
Chile,Smridhi Sachdeva
China,Lakshika Yadav 
Colombia,Tanjia Kaur
Cuba,Arhaan asad choudhary
Cyprus,Aadya Sharma
Czech Republic,Radhika Priyadarshini
Democratic Republic of the Congo,Manvi Sehrawat
Denmark,Shivika Handa
Egypt,Aniket Kandwal
France,Aakarshika Rana
Germany,Evangelina
Greece,Divyan Diwan
India,sejal kenneth
Indonesia,Navya Karayat
Iran,Vaanya Pandey
Iraq,Hanisha Manuja
Ireland,nitika Jain
Israel,Vanshika mogha
Italy,Tapasya Nagar
Japan,Anwesha Choubey
Jordan,Shreya Gupta
Kenya,Sayanshika
Malaysia,ANANYA SAH
Mexico,Samriddhi chauhaan
Morocco,Anshika Singh
Myanmar,Shriyansh Rajput
Nepal,akshita yadav
Netherlands,Samiksha bind
New Zealand,Harshit garg
Nigeria,Riyansh Goel
North Korea (DPRK),Sanskritti
Norway,Rounita
Oman,Khushi Aggarwal
Pakistan,Kashish Choudhary
Palestine,Kushagra Khandelwal
Philippines,Praisy Anil
Poland,Poorvi kharola
Portugal,Shanaya Manocha
Qatar,Hazel Chawla
Russia,ABEER MALHOTRA
Saudi Arabia,Kinjal Kaushik
Serbia,
Somalia,Aanoush Khan
South Africa,Himali Dabas
South Korea,Priyashi gupta
South Sudan,manish yadav
Spain,Aditri Pandey
Sri Lanka,Priyanshi Narula
Sweden,Sarah Nama
Switzerland,Kaashvi Verma
Syria,ANSHIKA THAKUR
Turkey,Mehar Vig
Ukraine,Reshu
United Arab Emirates,Mansimar Kaur
United Kingdom,Audrijaa Ganguly
United States,Dishita Sehrawat
Vietnam,Tanya Mehta
Yemen,Pakhi
Ivory Coast,Tanmay Chopra
Portugal (2),