Portfolio Name,Name of Student
Afghanistan,Niharika
Algeria,Angel Negi
Argentina,Aarna Daga
Australia,Siddhi Rastogi
Austria,Bhavya kuchhal
Azerbaijan,Aryansi
Bangladesh,Akshita drall
Belgium,Shreya Arora
Brazil,Aryan Singh Bisht
Canada,Avni Kataria
Chile,Yash
China,Navya shrikant
Colombia,Taniya Jangra
Cuba,Lakshita Minocha
Cyprus,Abhijeet Singh Dewal
Czech Republic,Kashish Handa
Democratic Republic of the Congo,Aviral sharma
Denmark,Sunanda Gupta
Egypt,Kaavya Bhatia
Fiji,Gargee Singh
France,VAISHNAVI NEGI
Germany,Shivika Verma
Greece,Abhidha Srivastav
India,Chirag Goel
Indonesia,Ziya Khan
Iran,Nehal mittal
Iraq,Vishesh Saxena
Ireland,Aayat fatima
Israel,Raynee Yadav
Italy,Harshit Gupta
Japan,Sivanandana.S
Jordan,Pranjal Garg
Kenya,Barirah Shuaib
Malaysia,Titiksha Oberoi
Maldives,Stuti Rao
Mexico,Kanika
Morocco,Riddhi Bhandari
Myanmar,Gurleen jaggi
Nepal,Atharva Jangra
Netherlands,Vanya Mittal
New Zealand,Naitik Tyagi
Nigeria,Havisha Nihalani
North Korea (DPRK),stuti verma
Norway,Gauri Mittal
Oman,Shambhavi Jain
Pakistan,GUNJAN
Palestine,CHEHAK LOCHAB
Philippines,Akriti Pahuja
Poland,Samiksha Madaan
Portugal,SHANAYA
Qatar,Jasmit Kaur
Russia,PULKIT
Saudi Arabia,Madhav Modi
Serbia,Devaansh Bhatt
Somalia,Saumya Baral
South Africa,Kahna Aggarwal
South Korea,Navya Jindal
South Sudan,Tejal Goyal
Spain,Gauri Garg
Sri Lanka,Hiya Paul
Sweden,Jiya Singh
Switzerland,SMITA
Syria,Yatih Thakur
Turkey,Sakshi
Ukraine,Kamakshi Mehta
United Arab Emirates,YASHITA
United Kingdom,Sangamithra
United States,Jaskiran Kaur Sandhu
Vietnam,Avika Manav
Yemen,SHRAVYA MALIK
Finland,SWARNJALI
Portugal - 2,Krishaang