Portfolio Name,Name of Student
Afghanistan,Sarthak jain
Algeria,Hritwik Kimothi
Argentina,Sayuri Singhal
Armenia,AVI GUPTA
Australia,Jovita sohandani
Austria,Tiana Nain
Azerbaijan,Arnav sood
Bangladesh,Prisha Agnihotri
Belarus,Alia premchandani
Brazil,Ishleen Kaur
Canada,AARaDHYA
Chile,Aman Hashmi
China,Alishba Naved
Colombia,Sanya Singh
Cuba,Prisha Adukia
Cyprus,Devishi Raturi
Czechia,Tushar Bisht
Egypt,Akshita Sundriyal
Ethiopia,Vaishnavi Sharma
France,Prachi
Germany,Achyut Kumar Singh
Greece,Adhya Agarwal
India,Akriti Raghuvanshi
Indonesia,Aarika Bisht
Iran,Akshara Neeraj
Iraq,Naisha Jolly
Israel,Ansuya
Italy,Sherry Chaprana
Japan,Angel Chhajer
Jordan,Pehar Vaidya
Kenya,Purvi garg
Lebanon,Vihaan Chawla
Libya,Eva Gaba
Malaysia,Shresta
Mexico,Kavya Singh
Morocco,kawalpreet singh
Myanmar,Michelle Philip
Nepal,Varnika saxena
Netherlands,Drishti Mukherjee
New Zealand,Bhavik Wadhwa
Nigeria,Kavisha
North Korea (DPRK),Pranjali Bhardwaj
Norway,Aayushman Singh Bisht
Pakistan,Mursil Shaheen
Palestine,Udit Mishra
Philippines,Parthiv Menon
Poland,Ishi sardana
Qatar,Advait Srivastava
Russia,Archit Jha
Saudi Arabia,Kangna Choudhary
Serbia,Achintya Tripathi
Somalia,CHETNA
South Africa,Rhythm kumar
South Korea,Arya Jain
Spain,Yatika Narula
Sri Lanka,Ananya Hooda
Sudan,GARIMA
Sweden,Idhant
Switzerland,Navya
Syria,Ananya Vats
Thailand,Swarnim
Tunisia,Riddhi Singh 
Turkey, Sarvesh Ravivarman
Ukraine,Samridhi Pruthi
United Arab Emirates,Ayaan Ahmed
United Kingdom,Yashvi Midha
United States,Garima
Venezuela,Galaxy Shah
Vietnam,aayushi gupta
Yemen,Somya Jain