Portfolio Name,Name of Student
Afghanistan,Kashish Sharma
Algeria,Bhavya wariyal
Argentina,Khushi Matlani
Armenia,Saanchi
Australia,Lamvangnei
Austria,Vaishnavi rawat
Azerbaijan,Pia Prasad Janapareddy
Bangladesh,Dhriti Jain
Belarus,Ananya Mishra
Belgium,Harini Nishant
Brazil,Hitasha Arora
Canada,Rakshita Rajan
Chile,Saina chawla
China,Shreyash Chaudhary
Colombia,Nitika
Cuba,Lakshay Solanki
Czech Republic,Ruzal joshi
Democratic Republic of the Congo,Atharv Bhardwaj
Denmark,Anusha Sharma
Egypt,Tiara Negi
Ethiopia,Dhriti Bansal
France,Ishita
Germany,Jasrehmat Kaur
Greece,Koppula Prabhamani
India,Raunak Kawatra
Indonesia,Harshleen Kaur
Iran,Saloni Singh
Iraq,Davik
Ireland,Ridhima Baid
Israel,Kavya Senthil Kumar
Italy,Bhawna
Japan,Garima Jain
Jordan,Mishika Verma
Kenya,Abhishek sharma
Malaysia,Anant Garg
Mexico,Keerat Kaur
Morocco,Radhika Tanwar
Myanmar,Nandika Gupta
Nepal,Shrey Mehra
Netherlands,Shabad Vashisht
New Zealand,Pragalbha Gupta
Nigeria,Manha Khan
North Korea (DPRK),Gaurika Dhall
Norway,Miesha Saleem
Oman,Tanisha Gupta
Pakistan,Aadhira Goel
Palestine,Nandini Rautela
Philippines,Gaurangi Chhabra
Poland,Norzin Lhamo
Portugal,Anika
Qatar,Saniya Shekhawat
Russia,Aiman Kumar
Saudi Arabia,Harsh Mishra
Singapore,Hitarth Singh Saharan
Somalia,DEVANSH KHANNA
South Korea,Nishtha
Spain,Alisha Sarah Abraham
Sri Lanka,Ojasvini Saha
Sudan,PRERIT BATRA
Sweden,Yuvana Singh
Switzerland,Tanishka khurana
Syria,Alina Khan
Turkey,Shreeyansh Kar
Ukraine,Yug Dua
United Arab Emirates,Japleen Kaur
United Kingdom,Shayela Bhardwaj
United States,Ishita Mohapatra
Venezuela,Aawhan Mishra
Vietnam,Kinisha Satija
Yemen,HARSHITA SINGH
Finland,Yash Agrawal
Kuwait,Manhar Sharma
Maldives,Dishika Chadha
New Zealand,Shanaya vashisht
TestPortfolio,Test Student