Portfolio Name,Name of Student
Jawaharlal Nehru,Vansh Jain
Vallabhbhai Patel,Utkarsh Yadav
Baldev Singh,Mahi Gupta
John Matthai,Kanupriya Malik
Chakravarti Rajagopalachari,Vidhi
Cooverji Hormusji Bhabha,Kshitiz
Rajendra Prasad,Shivanjali Dahiya
Asaf Ali,Amber khan
Jagjivan Ram,Avni
Sarat Chandra Bose,Manyaa
Jivatram Bhagwandas Kripalani,Apeksha Gupta
Abul Kalam Azad,Aryan Yadav
Sarojini Naidu,Srijaya Banerjee
Govind Ballabh Pant,Ankita Thakur
Ganesh Vasudev Mavlankar,Sarika
Rajkumari Amrit Kaur,Anushka Mishra
N. Gopalaswami Ayyangar,Kshitij Kumar
Kshitish Chandra Neogy,Aniket
Gopinath Bordoloi,
Harendra Coomar Mukherjee,
B. Pattabhi Sitaramayya,Lakshya Maheshwari
Kanaiyalal Maneklal Munshi,
Kailash Nath Katju,
Saifuddin Kitchlew,
Hafizur Rahman Seoharwi,
Abdul Ghaffar Khan,Sana Belwal
Nalini Ranjan Sarkar,
Frank Anthony,
R. K. Shanmukham Chetty,Siddharth Gahlyan
B. R. Ambedkar,Megha Rajput
Manabendra Nath Roy,HARSHIKA
Ghulam Hussain Hidayatullah,VARSHA
Puran Chand Joshi,Sonakshi madan
Master Tara Singh,SEEYAL
Khizar Hayat Tiwana,PUNYA
Syama Prasad Mukherjee,Diptesh
Madhav Sadashivrao Golwalkar,Anshul Barwal
Ghulam Murtaza Syed,
Abdul Samad Khan Achakzai,
Maghfoor Ahmad Ajazi,
Liaquat Ali Khan,vansh tayal
Ibrahim Ismail Chundrigar,
Ghazanfar Ali Khan,
Abdur Rab Nishtar,Jagrit Batra
Jogendra Nath Mandal,
Muhammad Ali Jinnah,Ohm Shivhare
Huseyn Shaheed Suhrawardy,Maanvita
Syed Wazir Hasan,
Feroz Khan Noon,
Khwaja Nazimuddin,Samridhi Juneja
Chaudhry Khaliquzzaman,VANYA
Malik Ghulam Muhammad,TAVISH Grover
Abdul Hamid Khan Bhashani,aadvik
Nurul Amin,KEYA
Shabbir Ahmad Usmani,MISHTI
Abul Hashim,HEERAL JAIN
A. K. Fazlul Huq,
M. Muhammad Ismail,
Khan Abdul Jabbar Khan,
Mir Osman Ali Khan,Shivansh Kashyap
Hari Singh Bahadur,
Jayachamarajendra Wadiyar,Dhruv
Sri Chithira Thirunal Balarama Varma,
Shrimant Jiwajirao Scindia,
Sadiq Muhammad Khan Abbasi V,
Bodhchandra Singh,
Sawai Man Singh II,Nishika Sethia
Muhammad Mahabat Khan III,Arihaan Singh Chauhan
Hamidullah Khan,
Jagaddipendra Narayan,