Portfolio Name,Name of Student
Afghanistan,Saanvi Prakash
Algeria,Sanskriti Nautiyal
Argentina,Swati Gupta
Armenia,Gulafshan
Australia,Adisha jain
Austria,sahana
Azerbaijan,Shivansh Sinha
Bangladesh,Trisha solanki
Belgium,Yashasvi Yadav
Bolivia,Vanshika
Brazil,Vani Yadav
Canada,Deetya vats
Chile,Pranshi Vij
China,Banipreet Kaur
Colombia,Shaurya Kumar
Cuba,Anannya
Czech Republic,Lavishka
Democratic Republic of the Congo,Daksh
Denmark,Tvisha Agarwal
Egypt,Aditi Mahesh Bichkar
Ethiopia,Gauri Babbar
France,Saikriti Kalra
Germany,Venika Thakkar
Ghana,Arnav sharma
India,KARAN DHINGRA
Indonesia,Bhavika Yadav
Iran,Maimoona khan
Iraq,Vani Goyal
Israel,Anshika Singh
Italy,Jiya Bhalla
Japan,lavya
Jordan,Reet Bharadwaj
Kazakhstan,Jiya Jolly
Kenya,Hiba Ali
Lebanon,Achintyaa Kumar
Luxembourg,Suhana Gupta
Mexico,Kritika Choudhary
Morocco,Kartikey Agarwal
Myanmar,Anjaneya Mishra
Nepal,Kamali
New Zealand,Ratul Naib
Nigeria,Kavya Sharma
North Korea (DPRK),RAGHAV
Norway,Natalia Obiajulu
Oman,Ayushmaan mathur
Pakistan,Riti choudhary
Palestine,Utkarsh Tejan
Peru,Arina Baunthiyal
Philippines,Ritika Gupta
Poland,Tejas Malik
Portugal,Devanshi
Qatar,Rusheen
Russia,Aadhya Kaushik
Saudi Arabia,Alisha Johar
Singapore,Vrinda Bhatia
South Africa,Suvidhi Jain
South Korea,Divyansh Maheshwari
Spain,Swastika Pathak
Sri Lanka,Aradhya Sharma
Sweden,Bhavika Tyagi
Switzerland,Tanisha Aima
Syria,Yatika Narula
Thailand,Harsh
Turkey,Khushi Jain
Ukraine,Avantika Singh Pundhir
United Arab Emirates,Jiya pandey
United Kingdom,Aaradhya Pandey
United States,Akshara Rohatgi
Vietnam,Divit Arora
Yemen,Diya Batra
Finland,Pavitra Khandelwal